best_mcc,best_r2,best_sum_mcc,best_sum_r2,epoch,mcc_at_best_r2,r2_at_best_mcc,step,train_elbo_loss,train_kld_content,train_kld_style,train_recon_loss,val_elbo_loss,val_kld_content,val_kld_style,val_mcc,val_r2,val_recon_loss
,,,,0,,,49,297.3662109375,3.290560483932495,3.741356611251831,293.8502502441406,,,,,,
,,,,0,,,99,110.06446838378906,6.2103071212768555,3.60225772857666,105.1581802368164,,,,,,
,,,,0,,,149,86.57137298583984,8.507548332214355,2.365996837615967,81.13459777832031,,,,,,
,,,,1,,,199,72.24668884277344,7.2738213539123535,2.422976493835449,67.3982925415039,,,,,,
,,,,1,,,249,45.13550567626953,6.321008682250977,1.898130178451538,41.025936126708984,,,,,,
,,,,1,,,299,37.618282318115234,7.365316390991211,2.4791479110717773,32.696048736572266,,,,,,
,,,,1,,,349,34.26752471923828,4.994846820831299,1.9049768447875977,30.817611694335938,,,,,,
,,,,2,,,399,41.352413177490234,5.759327411651611,2.1331403255462646,37.40617752075195,,,,,,
,,,,2,,,449,32.83415222167969,4.72868013381958,1.9893344640731812,29.475143432617188,,,,,,
,,,,2,,,499,34.581153869628906,4.929634094238281,2.3138585090637207,30.95940589904785,,,,,,
,,,,2,,,549,32.10008239746094,4.417788505554199,2.2653818130493164,28.75849723815918,,,,,,
,,,,3,,,599,30.509084701538086,4.485444068908691,2.017852783203125,27.257436752319336,,,,,,
,,,,3,,,649,32.80989074707031,4.222831726074219,2.084726095199585,29.656112670898438,,,,,,
,,,,3,,,699,29.691011428833008,4.48795747756958,2.078906536102295,26.40757942199707,,,,,,
,,,,3,,,749,25.686304092407227,4.313704013824463,1.8759496212005615,22.591476440429688,,,,,,
,,,,4,,,799,30.02284049987793,4.51308012008667,2.2630631923675537,26.634769439697266,,,,,,
,,,,4,,,849,31.8232421875,4.201186180114746,2.16738224029541,28.638957977294922,,,,,,
,,,,4,,,899,28.17401123046875,3.959726333618164,2.1176154613494873,25.13534164428711,,,,,,
,,,,4,,,949,26.77652931213379,3.6991236209869385,1.9930105209350586,23.930461883544922,,,,,,
,,,,5,,,999,31.280668258666992,3.98822021484375,2.003298759460449,28.284908294677734,,,,,,
,,,,5,,,1049,25.302255630493164,4.161780834197998,2.1682863235473633,22.137222290039062,,,,,,
,,,,5,,,1099,26.707197189331055,3.5300509929656982,2.0618233680725098,23.911258697509766,,,,,,
,,,,5,,,1149,22.124984741210938,3.7232635021209717,1.6591421365737915,19.43378257751465,,,,,,
,,,,6,,,1199,24.403940200805664,3.905207633972168,1.844678521156311,21.52899742126465,,,,,,
,,,,6,,,1249,25.327098846435547,3.8152849674224854,2.260047435760498,22.289432525634766,,,,,,
,,,,6,,,1299,22.008907318115234,3.742945671081543,1.76788330078125,19.25349235534668,,,,,,
,,,,6,,,1349,23.405742645263672,3.3577866554260254,1.9529565572738647,20.750370025634766,,,,,,
,,,,7,,,1399,23.59001922607422,3.561398983001709,2.274181842803955,20.672229766845703,,,,,,
,,,,7,,,1449,22.099586486816406,3.2265923023223877,2.3359148502349854,19.31833267211914,,,,,,
,,,,7,,,1499,18.442049026489258,3.768580913543701,2.978116512298584,15.068700790405273,,,,,,
,,,,7,,,1549,18.233463287353516,3.4812655448913574,3.185711622238159,14.899974822998047,,,,,,
,,,,8,,,1599,16.981199264526367,3.6945223808288574,3.975477695465088,13.146198272705078,,,,,,
,,,,8,,,1649,16.70730209350586,3.3043715953826904,3.6505064964294434,13.229864120483398,,,,,,
,,,,8,,,1699,17.03235626220703,3.115762948989868,3.4709832668304443,13.738983154296875,,,,,,
,,,,8,,,1749,16.946205139160156,2.9864726066589355,3.3039894104003906,13.800973892211914,,,,,,
,,,,9,,,1799,16.950258255004883,3.4811201095581055,3.9686639308929443,13.225367546081543,,,,,,
,,,,9,,,1849,16.10835838317871,3.2187082767486572,4.152899265289307,12.422554969787598,,,,,,
,,,,9,,,1899,17.27071762084961,3.1741292476654053,3.8708090782165527,13.748249053955078,,,,,,
,,,,9,,,1949,18.366260528564453,3.429596185684204,3.850027084350586,14.726449966430664,,,,,,
,,,,10,,,1999,15.425724983215332,3.4976048469543457,3.6574459075927734,11.848199844360352,,,,,,
,,,,10,,,2049,16.41330337524414,3.0708813667297363,3.814570665359497,12.970577239990234,,,,,,
,,,,10,,,2099,15.84675407409668,3.3663735389709473,3.7695302963256836,12.278802871704102,,,,,,
,,,,10,,,2149,15.528018951416016,3.1307320594787598,3.515498161315918,12.204903602600098,,,,,,
,,,,11,,,2199,15.631966590881348,3.369661331176758,3.8808982372283936,12.00668716430664,,,,,,
,,,,11,,,2249,16.655672073364258,3.1718857288360596,3.799408435821533,13.170023918151855,,,,,,
,,,,11,,,2299,14.304476737976074,3.0341508388519287,3.757697820663452,10.908552169799805,,,,,,
,,,,11,,,2349,13.909175872802734,3.0624468326568604,3.335911989212036,10.709996223449707,,,,,,
,,,,12,,,2399,14.28482437133789,3.3298895359039307,3.89302921295166,10.673364639282227,,,,,,
,,,,12,,,2449,14.617637634277344,2.865448236465454,3.654707908630371,11.357559204101562,,,,,,
,,,,12,,,2499,15.480870246887207,3.2829573154449463,3.6825623512268066,11.9981107711792,,,,,,
,,,,13,,,2549,13.59970760345459,3.0619935989379883,3.9401497840881348,10.098636627197266,,,,,,
,,,,13,,,2599,14.896525382995605,2.940659999847412,3.7296273708343506,11.561381340026855,,,,,,
,,,,13,,,2649,13.090899467468262,2.9537668228149414,3.7574973106384277,9.735267639160156,,,,,,
,,,,13,,,2699,12.807496070861816,3.0163371562957764,3.8242380619049072,9.387208938598633,,,,,,
,,,,14,,,2749,11.561842918395996,2.9845802783966064,4.168794631958008,7.98515510559082,,,,,,
,,,,14,,,2799,13.420600891113281,3.100712776184082,3.916285991668701,9.912100791931152,,,,,,
,,,,14,,,2849,9.795241355895996,3.275075912475586,3.610440492630005,6.35248327255249,,,,,,
,,,,14,,,2899,9.070699691772461,2.80234956741333,3.979179859161377,5.679935455322266,,,,,,
,,,,15,,,2949,11.962458610534668,2.8083863258361816,3.6106860637664795,8.752923011779785,,,,,,
,,,,15,,,2999,9.55111312866211,2.8692612648010254,3.7166690826416016,6.258148193359375,,,,,,
,,,,15,,,3049,11.255847930908203,3.059257984161377,3.7655181884765625,7.843459606170654,,,,,,
,,,,15,,,3099,12.03164005279541,2.960310697555542,3.980750799179077,8.56110954284668,,,,,,
,,,,16,,,3149,10.407003402709961,2.837818145751953,3.908966302871704,7.033611297607422,,,,,,
,,,,16,,,3199,9.81039810180664,2.9249727725982666,3.782167434692383,6.456827640533447,,,,,,
,,,,16,,,3249,10.38778018951416,3.0432283878326416,3.9533228874206543,6.889504432678223,,,,,,
,,,,16,,,3299,8.448081016540527,3.1299986839294434,4.143121242523193,4.811521053314209,,,,,,
,,,,17,,,3349,9.553435325622559,2.8157765865325928,3.9473774433135986,6.171857833862305,,,,,,
,,,,17,,,3399,7.949028491973877,2.970118999481201,3.8983335494995117,4.514801979064941,,,,,,
,,,,17,,,3449,9.727299690246582,3.2689871788024902,4.05133581161499,6.067138195037842,,,,,,
,,,,17,,,3499,9.090224266052246,3.08819842338562,3.8412814140319824,5.625483989715576,,,,,,
,,,,18,,,3549,8.450181007385254,3.3236052989959717,3.7198917865753174,4.928432464599609,,,,,,
,,,,18,,,3599,8.651407241821289,3.251199960708618,3.8527016639709473,5.099456787109375,,,,,,
,,,,18,,,3649,8.44813346862793,3.505470037460327,4.063656806945801,4.663570404052734,,,,,,
,,,,18,,,3699,9.075533866882324,3.3501808643341064,3.7661681175231934,5.517359256744385,,,,,,
,,,,19,,,3749,8.370742797851562,2.9855332374572754,4.139366149902344,4.808292865753174,,,,,,
,,,,19,,,3799,7.729274749755859,3.1734278202056885,3.9796900749206543,4.152715682983398,,,,,,
,,,,19,,,3849,7.239383220672607,3.7637293338775635,3.867011308670044,3.4240128993988037,,,,,,
,,,,19,,,3899,7.320857524871826,3.475358247756958,3.880697250366211,3.6428298950195312,,,,,,
0.28390297293663025,0.43775486946105957,0.27379557490348816,0.34021660685539246,19,0.09082052111625671,0.32585248351097107,3919,,,,,7.655928611755371,3.7870426177978516,3.818124294281006,0.14065520465373993,0.28552186489105225,3.8533456325531006
,,,,20,,,3949,8.030744552612305,3.8685882091522217,3.8790383338928223,4.156930923461914,,,,,,
,,,,20,,,3999,7.2477312088012695,4.474815845489502,3.9644851684570312,3.028080940246582,,,,,,
,,,,20,,,4049,6.971254348754883,4.211730003356934,3.779658079147339,2.975560188293457,,,,,,
,,,,20,,,4099,6.7408318519592285,4.647364616394043,4.2791032791137695,2.2775981426239014,,,,,,
,,,,21,,,4149,6.710854530334473,3.784729480743408,3.6769115924835205,2.980034112930298,,,,,,
,,,,21,,,4199,6.342213153839111,4.332965850830078,3.600623846054077,2.375418186187744,,,,,,
,,,,21,,,4249,6.200140953063965,4.3345561027526855,3.6394600868225098,2.213132619857788,,,,,,
,,,,21,,,4299,6.65377140045166,4.112738609313965,3.622631549835205,2.7860867977142334,,,,,,
,,,,22,,,4349,6.152927398681641,4.190667152404785,3.68489408493042,2.215146541595459,,,,,,
,,,,22,,,4399,6.340945720672607,3.892726182937622,3.593519926071167,2.597822666168213,,,,,,
,,,,22,,,4449,5.865970611572266,3.920733690261841,3.306617021560669,2.25229549407959,,,,,,
,,,,22,,,4499,5.814558506011963,4.249523162841797,3.826125383377075,1.7767341136932373,,,,,,
,,,,23,,,4549,6.034716606140137,4.312934398651123,3.2363741397857666,2.2600622177124023,,,,,,
,,,,23,,,4599,6.709620475769043,3.7940149307250977,3.412630319595337,3.1062979698181152,,,,,,
,,,,23,,,4649,5.718291282653809,4.315833568572998,3.5505337715148926,1.7851076126098633,,,,,,
,,,,23,,,4699,6.183938980102539,3.9986424446105957,3.557311534881592,2.405961513519287,,,,,,
,,,,24,,,4749,6.913510322570801,4.4212188720703125,3.5020899772644043,2.9518556594848633,,,,,,
,,,,24,,,4799,5.6719160079956055,4.109814167022705,3.536994218826294,1.848512053489685,,,,,,
,,,,24,,,4849,5.549442768096924,4.27097225189209,3.1736810207366943,1.8271158933639526,,,,,,
,,,,24,,,4899,5.695634841918945,3.8383305072784424,3.1358847618103027,2.208527088165283,,,,,,
,,,,25,,,4949,6.619251728057861,3.8089699745178223,3.351555824279785,3.0389890670776367,,,,,,
,,,,25,,,4999,6.4016265869140625,3.9871957302093506,3.5839829444885254,2.616037130355835,,,,,,
,,,,25,,,5049,5.604560375213623,4.508875370025635,3.5000011920928955,1.600122332572937,,,,,,
,,,,26,,,5099,6.520356178283691,4.228349208831787,3.3933582305908203,2.7095024585723877,,,,,,
,,,,26,,,5149,5.47183084487915,3.905163526535034,3.4664859771728516,1.786005973815918,,,,,,
,,,,26,,,5199,6.330260276794434,4.077157974243164,3.524198293685913,2.5295820236206055,,,,,,
,,,,26,,,5249,5.548226833343506,3.7314131259918213,3.298318862915039,2.033360719680786,,,,,,
,,,,27,,,5299,5.408023357391357,3.8372535705566406,3.581559658050537,1.6986167430877686,,,,,,
,,,,27,,,5349,6.157346248626709,3.9475200176239014,3.4652957916259766,2.4509382247924805,,,,,,
,,,,27,,,5399,5.863575458526611,4.029873371124268,3.67740797996521,2.009934663772583,,,,,,
,,,,27,,,5449,5.556540489196777,4.107246398925781,3.498307704925537,1.7537636756896973,,,,,,
,,,,28,,,5499,5.836029052734375,3.948765754699707,3.3944506645202637,2.1644210815429688,,,,,,
,,,,28,,,5549,6.120792865753174,3.94484281539917,3.8285627365112305,2.2340903282165527,,,,,,
,,,,28,,,5599,5.5046820640563965,3.734200954437256,3.707103967666626,1.784029483795166,,,,,,
,,,,28,,,5649,5.172115325927734,3.896789789199829,3.3740081787109375,1.5367164611816406,,,,,,
,,,,29,,,5699,5.652714252471924,3.9670121669769287,3.863790273666382,1.7373127937316895,,,,,,
,,,,29,,,5749,8.052255630493164,3.9043664932250977,3.5219669342041016,4.339089393615723,,,,,,
,,,,29,,,5799,5.898543357849121,3.9940552711486816,3.61551833152771,2.0937564373016357,,,,,,
,,,,29,,,5849,5.999764442443848,3.6014208793640137,3.528870105743408,2.434619188308716,,,,,,
,,,,30,,,5899,5.900375843048096,3.853262186050415,3.492886781692505,2.227301597595215,,,,,,
,,,,30,,,5949,5.48250675201416,3.9501800537109375,3.487760543823242,1.7635363340377808,,,,,,
,,,,30,,,5999,5.985640525817871,3.6861472129821777,3.5447134971618652,2.3702096939086914,,,,,,
,,,,30,,,6049,5.644471168518066,3.7660257816314697,3.452789306640625,2.0350637435913086,,,,,,
,,,,31,,,6099,5.6484761238098145,3.727400064468384,3.4540908336639404,2.0577306747436523,,,,,,
,,,,31,,,6149,5.655093193054199,3.6446309089660645,3.337026834487915,2.164264440536499,,,,,,
,,,,31,,,6199,5.128752708435059,3.5913074016571045,3.1968562602996826,1.734670877456665,,,,,,
,,,,31,,,6249,5.736130714416504,3.639881134033203,3.9025826454162598,1.964898705482483,,,,,,
,,,,32,,,6299,5.162012100219727,3.6324522495269775,3.2701261043548584,1.7107230424880981,,,,,,
,,,,32,,,6349,6.506882667541504,3.683063507080078,3.364394426345825,2.983153820037842,,,,,,
,,,,32,,,6399,5.207099437713623,3.505319595336914,3.1430156230926514,1.8829317092895508,,,,,,
,,,,32,,,6449,5.444855213165283,3.5120768547058105,3.2836475372314453,2.0469930171966553,,,,,,
,,,,33,,,6499,5.519464492797852,3.8574304580688477,3.317211151123047,1.9321436882019043,,,,,,
,,,,33,,,6549,5.393421173095703,3.7202391624450684,3.2753915786743164,1.8956060409545898,,,,,,
,,,,33,,,6599,5.583797931671143,3.541431188583374,3.313016891479492,2.156574010848999,,,,,,
,,,,33,,,6649,5.429821968078613,3.4800117015838623,3.2452664375305176,2.067182779312134,,,,,,
,,,,34,,,6699,5.196331977844238,3.562299966812134,3.495891809463501,1.667236089706421,,,,,,
,,,,34,,,6749,5.6737847328186035,3.432628870010376,3.513056755065918,2.200941801071167,,,,,,
,,,,34,,,6799,5.643375396728516,3.131291627883911,3.5469789505004883,2.3042402267456055,,,,,,
,,,,34,,,6849,5.581873893737793,3.621123790740967,3.126845598220825,2.2078893184661865,,,,,,
,,,,35,,,6899,6.511736869812012,3.7555441856384277,3.6543631553649902,2.8067829608917236,,,,,,
,,,,35,,,6949,5.515890598297119,3.6745314598083496,3.305508852005005,2.0258705615997314,,,,,,
,,,,35,,,6999,5.119894981384277,3.477837562561035,3.3682188987731934,1.696866750717163,,,,,,
,,,,35,,,7049,4.98858642578125,3.4684548377990723,3.295675277709961,1.6065211296081543,,,,,,
,,,,36,,,7099,5.2951154708862305,3.680675983428955,3.3698058128356934,1.7698743343353271,,,,,,
,,,,36,,,7149,5.127864837646484,3.4915828704833984,3.3271632194519043,1.7184914350509644,,,,,,
,,,,36,,,7199,5.316269397735596,3.2253975868225098,3.1007840633392334,2.1531784534454346,,,,,,
,,,,36,,,7249,5.6983137130737305,3.4226059913635254,3.578035354614258,2.1979928016662598,,,,,,
,,,,37,,,7299,4.958708763122559,3.2872796058654785,3.1400399208068848,1.7450487613677979,,,,,,
,,,,37,,,7349,5.50437068939209,3.3303029537200928,3.1195664405822754,2.2794363498687744,,,,,,
,,,,37,,,7399,4.790231704711914,3.3756134510040283,3.1219630241394043,1.5414433479309082,,,,,,
,,,,38,,,7449,5.069664001464844,3.7621119022369385,3.444011926651001,1.466602087020874,,,,,,
,,,,38,,,7499,5.60164737701416,3.37373948097229,3.113873243331909,2.3578410148620605,,,,,,
,,,,38,,,7549,5.355659008026123,3.4772815704345703,3.1589808464050293,2.0375277996063232,,,,,,
,,,,38,,,7599,5.187862873077393,3.3863344192504883,3.1065776348114014,1.9414068460464478,,,,,,
,,,,39,,,7649,5.086030960083008,3.4867610931396484,3.1385974884033203,1.7733519077301025,,,,,,
,,,,39,,,7699,5.448723793029785,3.360326051712036,3.023709774017334,2.2567057609558105,,,,,,
,,,,39,,,7749,5.248013973236084,3.173208713531494,2.5948104858398438,2.364004373550415,,,,,,
,,,,39,,,7799,4.952414512634277,3.3885257244110107,3.2907063961029053,1.6127982139587402,,,,,,
0.32767850160598755,0.8191217184066772,0.2755683660507202,0.8130044341087341,39,0.2075204849243164,0.6476160287857056,7839,,,,,4.977438926696777,3.446322441101074,3.0435476303100586,0.1971023976802826,0.7728846669197083,1.7325050830841064
,,,,40,,,7849,4.800563812255859,3.3887453079223633,3.007436990737915,1.6024726629257202,,,,,,
,,,,40,,,7899,4.8483686447143555,3.3842923641204834,3.132894992828369,1.5897749662399292,,,,,,
,,,,40,,,7949,5.261232376098633,3.5492208003997803,3.0734143257141113,1.9499151706695557,,,,,,
,,,,40,,,7999,4.783153533935547,3.2803292274475098,2.777977228164673,1.7540004253387451,,,,,,
,,,,41,,,8049,4.875207424163818,3.869192123413086,2.762470245361328,1.5593761205673218,,,,,,
,,,,41,,,8099,5.091609954833984,3.759148359298706,2.9079887866973877,1.7580416202545166,,,,,,
,,,,41,,,8149,4.663718223571777,3.254725933074951,2.4882354736328125,1.792237401008606,,,,,,
,,,,41,,,8199,4.746670246124268,3.8755974769592285,2.413784980773926,1.60197913646698,,,,,,
,,,,42,,,8249,4.70765495300293,3.6483473777770996,2.4510316848754883,1.6579651832580566,,,,,,
,,,,42,,,8299,4.714903831481934,3.793118715286255,2.611844539642334,1.5124218463897705,,,,,,
,,,,42,,,8349,4.736656188964844,3.419682025909424,2.7757227420806885,1.638953685760498,,,,,,
,,,,42,,,8399,5.682980060577393,3.715165138244629,2.4094722270965576,2.620661497116089,,,,,,
,,,,43,,,8449,4.9755659103393555,3.5882718563079834,2.488494634628296,1.9371826648712158,,,,,,
,,,,43,,,8499,4.932348251342773,3.3292438983917236,2.8451507091522217,1.8451510667800903,,,,,,
,,,,43,,,8549,5.1005048751831055,3.7796640396118164,2.3621392250061035,2.0296034812927246,,,,,,
,,,,43,,,8599,4.392801284790039,3.3418073654174805,2.32096266746521,1.5614163875579834,,,,,,
,,,,44,,,8649,4.677539348602295,3.5818564891815186,2.5203332901000977,1.6264443397521973,,,,,,
,,,,44,,,8699,4.333150386810303,3.4959049224853516,2.1252620220184326,1.522566795349121,,,,,,
,,,,44,,,8749,4.6276116371154785,3.840149402618408,2.3531291484832764,1.5309721231460571,,,,,,
,,,,44,,,8799,4.68359375,3.3741073608398438,2.945561408996582,1.5237594842910767,,,,,,
,,,,45,,,8849,4.536465644836426,3.476767063140869,2.5395538806915283,1.5283054113388062,,,,,,
,,,,45,,,8899,5.274954319000244,3.74931001663208,2.6317005157470703,2.084449052810669,,,,,,
,,,,45,,,8949,4.509966850280762,3.600583553314209,2.134608507156372,1.6423710584640503,,,,,,
,,,,45,,,8999,4.570732593536377,3.7219009399414062,2.5097100734710693,1.4549272060394287,,,,,,
,,,,46,,,9049,4.543302536010742,3.5917272567749023,1.9885270595550537,1.7531752586364746,,,,,,
,,,,46,,,9099,4.345155239105225,3.289315700531006,2.424915075302124,1.4880399703979492,,,,,,
,,,,46,,,9149,4.5001444816589355,3.5981178283691406,2.3758981227874756,1.5131365060806274,,,,,,
,,,,46,,,9199,4.491084575653076,3.4370155334472656,2.450916051864624,1.5471186637878418,,,,,,
,,,,47,,,9249,4.788671493530273,3.492643117904663,2.162020206451416,1.9613398313522339,,,,,,
,,,,47,,,9299,4.447549343109131,3.620790958404541,2.0594868659973145,1.6074104309082031,,,,,,
,,,,47,,,9349,4.9622979164123535,3.6116199493408203,2.4074666500091553,1.9527546167373657,,,,,,
,,,,47,,,9399,4.376846790313721,3.5726616382598877,2.2129993438720703,1.4840164184570312,,,,,,
,,,,48,,,9449,4.264248847961426,3.345820426940918,2.222898483276367,1.4798896312713623,,,,,,
,,,,48,,,9499,4.458154678344727,3.7890589237213135,2.510279655456543,1.3084852695465088,,,,,,
,,,,48,,,9549,4.4989094734191895,3.525540590286255,2.1833248138427734,1.6444766521453857,,,,,,
,,,,48,,,9599,4.892102241516113,3.440190315246582,2.6059534549713135,1.869030475616455,,,,,,
,,,,49,,,9649,4.395864009857178,3.510725498199463,1.9720176458358765,1.6544924974441528,,,,,,
,,,,49,,,9699,4.951782703399658,3.1614179611206055,2.7142159938812256,2.0139658451080322,,,,,,
,,,,49,,,9749,4.665243148803711,3.724329948425293,2.418415069580078,1.593870759010315,,,,,,
,,,,49,,,9799,3.9140548706054688,3.1364493370056152,1.999720573425293,1.3459700345993042,,,,,,
,,,,50,,,9849,4.340806007385254,3.6618845462799072,2.1536176204681396,1.4330546855926514,,,,,,
,,,,50,,,9899,4.887635707855225,3.9742677211761475,2.1403515338897705,1.8303260803222656,,,,,,
,,,,50,,,9949,4.39484167098999,3.915499687194824,2.0984084606170654,1.3878875970840454,,,,,,
,,,,51,,,9999,4.575308799743652,3.1297526359558105,1.9978013038635254,2.0115318298339844,,,,,,
,,,,51,,,10049,4.462711334228516,3.704512119293213,2.2564358711242676,1.4822373390197754,,,,,,
,,,,51,,,10099,5.190195083618164,3.557130813598633,2.286081552505493,2.2685887813568115,,,,,,
,,,,51,,,10149,4.872595310211182,3.5770983695983887,2.6250228881835938,1.7715346813201904,,,,,,
,,,,52,,,10199,4.528555870056152,3.568845510482788,2.2682502269744873,1.6100077629089355,,,,,,
,,,,52,,,10249,4.976834774017334,3.7512974739074707,1.9159406423568726,2.1432156562805176,,,,,,
,,,,52,,,10299,5.465505599975586,3.623063087463379,2.5461764335632324,2.3808858394622803,,,,,,
,,,,52,,,10349,4.174277305603027,3.4524385929107666,2.1621596813201904,1.3669782876968384,,,,,,
,,,,53,,,10399,5.036679267883301,3.479175329208374,2.449669361114502,2.0722568035125732,,,,,,
,,,,53,,,10449,4.664714813232422,3.6511008739471436,2.4908175468444824,1.5937554836273193,,,,,,
,,,,53,,,10499,4.705778121948242,3.8376996517181396,2.6340718269348145,1.469892144203186,,,,,,
,,,,53,,,10549,4.742879867553711,3.6308586597442627,2.246633529663086,1.8041340112686157,,,,,,
,,,,54,,,10599,4.460304260253906,3.6993703842163086,2.5106520652770996,1.3552926778793335,,,,,,
,,,,54,,,10649,4.41413688659668,3.631850004196167,2.333350896835327,1.431536316871643,,,,,,
,,,,54,,,10699,4.170125484466553,3.4370875358581543,2.007113218307495,1.4480249881744385,,,,,,
,,,,54,,,10749,5.050711631774902,3.366425037384033,2.285024642944336,2.2249867916107178,,,,,,
,,,,55,,,10799,4.413596153259277,3.507387161254883,2.36970853805542,1.4750481843948364,,,,,,
,,,,55,,,10849,4.386347770690918,3.5183165073394775,2.4579460620880127,1.3982163667678833,,,,,,
,,,,55,,,10899,5.061361789703369,3.248345375061035,2.469733476638794,2.202322244644165,,,,,,
,,,,55,,,10949,4.569919109344482,3.646662712097168,2.345364570617676,1.57390558719635,,,,,,
,,,,56,,,10999,4.371709823608398,3.57529354095459,2.323190212249756,1.4224677085876465,,,,,,
,,,,56,,,11049,4.592552185058594,3.193068504333496,2.1187124252319336,1.936661720275879,,,,,,
,,,,56,,,11099,4.357027530670166,3.6936094760894775,2.0082318782806396,1.5061068534851074,,,,,,
,,,,56,,,11149,4.776980400085449,3.617734909057617,2.5634686946868896,1.6863783597946167,,,,,,
,,,,57,,,11199,4.978090763092041,3.874114513397217,2.2764406204223633,1.9028133153915405,,,,,,
,,,,57,,,11249,4.522056579589844,3.509866952896118,1.8682135343551636,1.8330165147781372,,,,,,
,,,,57,,,11299,4.450902462005615,3.543689250946045,2.4660379886627197,1.4460387229919434,,,,,,
,,,,57,,,11349,6.043522357940674,3.401141405105591,2.6104068756103516,3.037748336791992,,,,,,
,,,,58,,,11399,5.2692790031433105,3.4181156158447266,2.4319543838500977,2.3442440032958984,,,,,,
,,,,58,,,11449,4.467831611633301,3.728407621383667,2.310399055480957,1.4484285116195679,,,,,,
,,,,58,,,11499,4.279117584228516,3.480656862258911,2.2777061462402344,1.399936318397522,,,,,,
,,,,58,,,11549,4.464683532714844,3.8093156814575195,2.6218032836914062,1.2491238117218018,,,,,,
,,,,59,,,11599,4.153598785400391,3.7078418731689453,2.004395008087158,1.2974801063537598,,,,,,
,,,,59,,,11649,4.750061988830566,3.585352659225464,2.1172935962677,1.898738980293274,,,,,,
,,,,59,,,11699,4.78842306137085,3.712618112564087,2.1208138465881348,1.8717070817947388,,,,,,
,,,,59,,,11749,4.201509475708008,3.7122716903686523,2.1942195892333984,1.248263955116272,,,,,,
0.33731165528297424,0.943821907043457,0.263498455286026,0.9320037961006165,59,0.16020193696022034,0.7364673018455505,11759,,,,,4.633793354034424,3.4514541625976562,2.314018726348877,0.19287563860416412,0.9277528524398804,1.751056432723999
,,,,60,,,11799,5.057491302490234,3.6532607078552246,2.368886947631836,2.046417713165283,,,,,,
,,,,60,,,11849,4.418919563293457,3.4069406986236572,2.2033190727233887,1.6137893199920654,,,,,,
,,,,60,,,11899,4.315436363220215,3.5055947303771973,2.232051134109497,1.4466135501861572,,,,,,
,,,,60,,,11949,4.383276462554932,3.568495988845825,2.0779924392700195,1.5600321292877197,,,,,,
,,,,61,,,11999,4.215676784515381,3.2437610626220703,2.233224391937256,1.4771840572357178,,,,,,
,,,,61,,,12049,4.388469696044922,3.4038641452789307,2.493746757507324,1.4396641254425049,,,,,,
,,,,61,,,12099,4.324017524719238,3.508875846862793,2.5127882957458496,1.3131853342056274,,,,,,
,,,,61,,,12149,4.585722923278809,3.5266165733337402,2.1023693084716797,1.771229863166809,,,,,,
,,,,62,,,12199,4.703819751739502,3.6255202293395996,2.3683321475982666,1.7068936824798584,,,,,,
,,,,62,,,12249,4.362133979797363,3.2614455223083496,2.1677162647247314,1.6475532054901123,,,,,,
,,,,62,,,12299,3.9301953315734863,3.3823866844177246,2.1856496334075928,1.1461769342422485,,,,,,
,,,,63,,,12349,4.961625099182129,3.604832649230957,2.1404531002044678,2.088982105255127,,,,,,
,,,,63,,,12399,4.396565914154053,3.347702741622925,2.250997543334961,1.5972157716751099,,,,,,
,,,,63,,,12449,4.399570941925049,3.3555221557617188,2.359046697616577,1.5422863960266113,,,,,,
,,,,63,,,12499,4.397367000579834,3.5782179832458496,2.128664016723633,1.5439261198043823,,,,,,
,,,,64,,,12549,4.207456111907959,3.3449301719665527,2.023085832595825,1.5234479904174805,,,,,,
,,,,64,,,12599,4.6732683181762695,3.541729211807251,2.328289031982422,1.7382590770721436,,,,,,
,,,,64,,,12649,4.6784796714782715,3.3129167556762695,2.285729169845581,1.8791565895080566,,,,,,
,,,,64,,,12699,4.537916660308838,3.5553765296936035,2.013266086578369,1.7535953521728516,,,,,,
,,,,65,,,12749,5.301281929016113,3.5208804607391357,2.2714221477508545,2.405130386352539,,,,,,
,,,,65,,,12799,4.166467189788818,3.4172914028167725,2.296391248703003,1.3096256256103516,,,,,,
,,,,65,,,12849,4.199339389801025,3.476191759109497,2.1824891567230225,1.369998812675476,,,,,,
,,,,65,,,12899,4.714865207672119,3.520688533782959,2.3826868534088135,1.7631773948669434,,,,,,
,,,,66,,,12949,4.50341272354126,3.6070618629455566,2.360790252685547,1.519486665725708,,,,,,
,,,,66,,,12999,4.577202796936035,3.439704179763794,2.058502435684204,1.8280996084213257,,,,,,
,,,,66,,,13049,3.9593758583068848,3.6066091060638428,1.574832797050476,1.368654727935791,,,,,,
,,,,66,,,13099,4.150851726531982,3.4478261470794678,2.2234537601470947,1.3152116537094116,,,,,,
,,,,67,,,13149,5.810685634613037,3.376765251159668,2.4961729049682617,2.874216318130493,,,,,,
,,,,67,,,13199,4.584687232971191,3.509992837905884,2.414698362350464,1.6223413944244385,,,,,,
,,,,67,,,13249,4.172030448913574,3.4417366981506348,2.318142890930176,1.2920904159545898,,,,,,
,,,,67,,,13299,4.148453712463379,3.431516647338867,1.8642611503601074,1.500564694404602,,,,,,
,,,,68,,,13349,4.779301643371582,3.3680107593536377,2.4300506114959717,1.8802707195281982,,,,,,
,,,,68,,,13399,4.958272457122803,3.5165464878082275,2.269777536392212,2.065110683441162,,,,,,
,,,,68,,,13449,4.806931018829346,3.3101139068603516,2.014178991317749,2.144784450531006,,,,,,
,,,,68,,,13499,4.59773063659668,3.4504315853118896,2.1876747608184814,1.7786773443222046,,,,,,
,,,,69,,,13549,4.066093444824219,3.571147918701172,2.27714204788208,1.1419485807418823,,,,,,
,,,,69,,,13599,4.3740129470825195,3.428492546081543,2.317866802215576,1.50083327293396,,,,,,
,,,,69,,,13649,3.9784016609191895,3.514885425567627,2.000074863433838,1.220921516418457,,,,,,
,,,,69,,,13699,4.749282360076904,3.54215145111084,2.431917428970337,1.7622480392456055,,,,,,
,,,,70,,,13749,4.324216365814209,3.321260452270508,2.2963051795959473,1.5154335498809814,,,,,,
,,,,70,,,13799,4.456458568572998,3.158271074295044,2.4449524879455566,1.6548467874526978,,,,,,
,,,,70,,,13849,4.408225059509277,3.6990461349487305,2.033151149749756,1.5421266555786133,,,,,,
,,,,70,,,13899,4.229795455932617,3.3011116981506348,2.0691959857940674,1.5446414947509766,,,,,,
,,,,71,,,13949,4.813546657562256,3.6624014377593994,2.2444019317626953,1.8601449728012085,,,,,,
,,,,71,,,13999,4.405350208282471,3.2931716442108154,2.361090660095215,1.578218936920166,,,,,,
,,,,71,,,14049,4.582128047943115,3.211839199066162,2.4181175231933594,1.767149567604065,,,,,,
,,,,71,,,14099,4.074583530426025,3.369473695755005,2.0481302738189697,1.3657816648483276,,,,,,
,,,,72,,,14149,4.49624490737915,3.242959976196289,1.9659138917922974,1.891808032989502,,,,,,
,,,,72,,,14199,4.124215126037598,3.379502773284912,2.0386126041412354,1.4151573181152344,,,,,,
,,,,72,,,14249,4.7487568855285645,3.2956185340881348,2.4611246585845947,1.8703854084014893,,,,,,
,,,,72,,,14299,4.371366500854492,3.627326250076294,2.2277159690856934,1.4438457489013672,,,,,,
,,,,73,,,14349,4.751210689544678,3.410017251968384,2.1601855754852295,1.966109037399292,,,,,,
,,,,73,,,14399,4.759768009185791,3.4113759994506836,2.122039556503296,1.9930603504180908,,,,,,
,,,,73,,,14449,4.964452743530273,3.248046398162842,2.2414488792419434,2.219705104827881,,,,,,
,,,,73,,,14499,4.261992454528809,3.5174195766448975,2.174393892288208,1.416085958480835,,,,,,
,,,,74,,,14549,4.094788551330566,3.4041242599487305,2.218842029571533,1.2833051681518555,,,,,,
,,,,74,,,14599,4.13264274597168,3.228306293487549,2.173049211502075,1.4319649934768677,,,,,,
,,,,74,,,14649,4.420764446258545,3.372410297393799,2.125011444091797,1.6720536947250366,,,,,,
,,,,74,,,14699,4.552894592285156,3.421506881713867,2.0306835174560547,1.8267993927001953,,,,,,
,,,,75,,,14749,4.40240478515625,3.4289908409118652,2.4568753242492676,1.4594720602035522,,,,,,
,,,,75,,,14799,4.078859329223633,3.340951442718506,1.723618984222412,1.5465739965438843,,,,,,
,,,,75,,,14849,4.453985691070557,3.334897518157959,2.407472848892212,1.5828006267547607,,,,,,
,,,,76,,,14899,4.920721054077148,3.376506805419922,2.2486281394958496,2.1081533432006836,,,,,,
,,,,76,,,14949,4.369133949279785,3.427762746810913,1.9222840070724487,1.694110631942749,,,,,,
,,,,76,,,14999,4.466765880584717,3.4543778896331787,2.192265272140503,1.6434440612792969,,,,,,
,,,,76,,,15049,4.875140190124512,3.4646239280700684,1.884356141090393,2.2006499767303467,,,,,,
,,,,77,,,15099,4.422086238861084,3.8821539878845215,1.7738358974456787,1.5940911769866943,,,,,,
,,,,77,,,15149,4.259407043457031,3.387922763824463,2.0927140712738037,1.5190883874893188,,,,,,
,,,,77,,,15199,4.447627067565918,3.4988157749176025,2.4643301963806152,1.466054081916809,,,,,,
,,,,77,,,15249,4.335230827331543,3.3342349529266357,2.253890037536621,1.541168451309204,,,,,,
,,,,78,,,15299,4.83206844329834,3.7426810264587402,2.3114500045776367,1.8050031661987305,,,,,,
,,,,78,,,15349,4.126981735229492,3.5753793716430664,2.0270237922668457,1.3257801532745361,,,,,,
,,,,78,,,15399,4.063180446624756,3.35099458694458,2.125060558319092,1.32515287399292,,,,,,
,,,,78,,,15449,4.496278762817383,3.155214548110962,2.3733654022216797,1.7319886684417725,,,,,,
,,,,79,,,15499,4.464580535888672,3.1521496772766113,2.3414177894592285,1.7177966833114624,,,,,,
,,,,79,,,15549,4.129921913146973,3.4236271381378174,1.983094573020935,1.4265609979629517,,,,,,
,,,,79,,,15599,4.268159866333008,3.33774995803833,2.2789907455444336,1.4597893953323364,,,,,,
,,,,79,,,15649,4.518512725830078,3.7998013496398926,2.389756679534912,1.4237337112426758,,,,,,
0.33731165528297424,0.9764237999916077,0.30829092860221863,0.9484273791313171,79,0.18462613224983215,0.7364673018455505,15679,,,,,4.217940807342529,3.477073907852173,2.1535303592681885,0.20899316668510437,0.9532177448272705,1.4026387929916382
,,,,80,,,15699,4.295795917510986,3.3756790161132812,2.2190420627593994,1.498435378074646,,,,,,
,,,,80,,,15749,5.03967809677124,3.4618797302246094,2.2871153354644775,2.1651804447174072,,,,,,
,,,,80,,,15799,4.396986484527588,3.6036229133605957,1.9676581621170044,1.6113460063934326,,,,,,
,,,,80,,,15849,4.111323833465576,3.736893892288208,1.9312888383865356,1.27723228931427,,,,,,
,,,,81,,,15899,4.012446880340576,3.2483251094818115,2.303927183151245,1.2363208532333374,,,,,,
,,,,81,,,15949,4.596554756164551,3.3319895267486572,2.218451738357544,1.8213342428207397,,,,,,
,,,,81,,,15999,4.454264163970947,3.594393253326416,2.1371259689331055,1.588504433631897,,,,,,
,,,,81,,,16049,4.130307197570801,3.352189779281616,2.331770420074463,1.2883269786834717,,,,,,
,,,,82,,,16099,4.642144203186035,3.6223158836364746,1.9343682527542114,1.8638020753860474,,,,,,
,,,,82,,,16149,4.180680274963379,3.5724050998687744,2.2650163173675537,1.2619693279266357,,,,,,
,,,,82,,,16199,4.094465255737305,3.4541923999786377,2.461348295211792,1.1366946697235107,,,,,,
,,,,82,,,16249,4.44690465927124,3.355562686920166,1.7326158285140991,1.902815580368042,,,,,,
,,,,83,,,16299,4.574941635131836,3.6120705604553223,2.243089199066162,1.6473617553710938,,,,,,
,,,,83,,,16349,4.306760787963867,3.247426748275757,1.9816492795944214,1.6922229528427124,,,,,,
,,,,83,,,16399,4.104663848876953,3.22843861579895,2.0507450103759766,1.4650721549987793,,,,,,
,,,,83,,,16449,4.1707353591918945,3.392609119415283,2.1119301319122314,1.4184656143188477,,,,,,
,,,,84,,,16499,4.353285789489746,3.4181888103485107,2.1985554695129395,1.544913649559021,,,,,,
,,,,84,,,16549,4.173584938049316,3.4066526889801025,2.3929855823516846,1.2737658023834229,,,,,,
,,,,84,,,16599,4.926141262054443,3.371213436126709,2.493469476699829,1.9937999248504639,,,,,,
,,,,84,,,16649,4.169734477996826,3.413123846054077,2.0090229511260986,1.4586610794067383,,,,,,
,,,,85,,,16699,4.360054969787598,3.644285202026367,2.4898006916046143,1.2930121421813965,,,,,,
,,,,85,,,16749,3.725092887878418,3.3147506713867188,1.7559128999710083,1.1897610425949097,,,,,,
,,,,85,,,16799,4.2610273361206055,3.515427589416504,2.0670058727264404,1.4698104858398438,,,,,,
,,,,85,,,16849,4.15394401550293,3.307619571685791,2.435565710067749,1.2823513746261597,,,,,,
,,,,86,,,16899,4.211366653442383,3.2714037895202637,2.1869449615478516,1.4821921586990356,,,,,,
,,,,86,,,16949,4.368312835693359,3.3408217430114746,2.150280714035034,1.6227614879608154,,,,,,
,,,,86,,,16999,4.541110515594482,3.315934419631958,2.10839581489563,1.8289453983306885,,,,,,
,,,,86,,,17049,4.281961441040039,3.214071035385132,2.1645684242248535,1.5926415920257568,,,,,,
,,,,87,,,17099,4.667288780212402,3.340115785598755,2.2804203033447266,1.8570207357406616,,,,,,
,,,,87,,,17149,4.195226669311523,3.3033056259155273,1.7853403091430664,1.650903582572937,,,,,,
,,,,87,,,17199,4.935772895812988,3.6068902015686035,2.2676966190338135,1.9984794855117798,,,,,,
,,,,88,,,17249,4.2098541259765625,3.4521710872650146,2.2144057750701904,1.3765654563903809,,,,,,
,,,,88,,,17299,4.221503257751465,3.4216415882110596,1.9590133428573608,1.531175971031189,,,,,,
,,,,88,,,17349,4.599963188171387,3.0411972999572754,2.151668071746826,2.003530740737915,,,,,,
,,,,88,,,17399,4.300658702850342,3.5332770347595215,2.1133623123168945,1.4773391485214233,,,,,,
,,,,89,,,17449,4.3056535720825195,3.4516913890838623,2.3847057819366455,1.3874552249908447,,,,,,
,,,,89,,,17499,4.12459659576416,3.0894265174865723,2.1034951210021973,1.528136134147644,,,,,,
,,,,89,,,17549,4.525472164154053,3.2772622108459473,2.1840405464172363,1.794820785522461,,,,,,
,,,,89,,,17599,4.91450834274292,3.7278707027435303,2.4258384704589844,1.8376537561416626,,,,,,
,,,,90,,,17649,4.47652006149292,3.609896421432495,2.167780876159668,1.5876814126968384,,,,,,
,,,,90,,,17699,4.350914001464844,3.6491427421569824,2.2230052947998047,1.414839744567871,,,,,,
,,,,90,,,17749,4.001603603363037,3.309412717819214,1.6987888813018799,1.4975029230117798,,,,,,
,,,,90,,,17799,4.06713342666626,3.502972364425659,2.043349027633667,1.2939726114273071,,,,,,
,,,,91,,,17849,4.383722305297852,3.4441685676574707,1.9452580213546753,1.6890089511871338,,,,,,
,,,,91,,,17899,4.348448753356934,3.4993975162506104,2.0908658504486084,1.5533170700073242,,,,,,
,,,,91,,,17949,4.387236595153809,3.5831172466278076,2.309089183807373,1.4411330223083496,,,,,,
,,,,91,,,17999,4.247923374176025,3.3048248291015625,2.2601497173309326,1.4654359817504883,,,,,,
,,,,92,,,18049,4.927875518798828,3.3733720779418945,2.2625417709350586,2.1099183559417725,,,,,,
,,,,92,,,18099,4.230697154998779,3.456782341003418,1.9841862916946411,1.510212779045105,,,,,,
,,,,92,,,18149,4.2605509757995605,3.4524874687194824,2.225067138671875,1.4217735528945923,,,,,,
,,,,92,,,18199,3.9855144023895264,3.291104793548584,2.076782703399658,1.3015705347061157,,,,,,
,,,,93,,,18249,4.2664031982421875,3.567279815673828,2.1948800086975098,1.3853230476379395,,,,,,
,,,,93,,,18299,4.248358726501465,3.4517202377319336,2.191643476486206,1.426676869392395,,,,,,
,,,,93,,,18349,4.131289482116699,3.504072427749634,1.8746981620788574,1.441904067993164,,,,,,
,,,,93,,,18399,5.252309322357178,3.560511589050293,2.2290127277374268,2.3575475215911865,,,,,,
,,,,94,,,18449,4.346837520599365,3.354473114013672,2.1794931888580322,1.5798544883728027,,,,,,
,,,,94,,,18499,4.49152946472168,3.6769888401031494,2.4075193405151367,1.4492754936218262,,,,,,
,,,,94,,,18549,3.702542781829834,3.040318489074707,1.9324464797973633,1.2161604166030884,,,,,,
,,,,94,,,18599,4.147737503051758,3.0324223041534424,2.406130313873291,1.4284610748291016,,,,,,
,,,,95,,,18649,4.042165756225586,3.3452069759368896,2.378619909286499,1.1802520751953125,,,,,,
,,,,95,,,18699,4.063457012176514,3.4608452320098877,1.9027774333953857,1.3816457986831665,,,,,,
,,,,95,,,18749,5.032243251800537,3.321514129638672,2.4350197315216064,2.1539764404296875,,,,,,
,,,,95,,,18799,4.470010757446289,3.422511577606201,2.315918445587158,1.600795865058899,,,,,,
,,,,96,,,18849,4.203633785247803,3.236466407775879,2.2708771228790283,1.4499622583389282,,,,,,
,,,,96,,,18899,4.071309566497803,3.5149917602539062,1.9799659252166748,1.3238308429718018,,,,,,
,,,,96,,,18949,3.693279981613159,2.986295700073242,2.020590305328369,1.1898369789123535,,,,,,
,,,,96,,,18999,3.938509464263916,3.522264242172241,1.7430789470672607,1.305837869644165,,,,,,
,,,,97,,,19049,4.114700794219971,3.5316436290740967,1.8936975002288818,1.4020302295684814,,,,,,
,,,,97,,,19099,4.920586109161377,3.213529109954834,2.2831737995147705,2.172234535217285,,,,,,
,,,,97,,,19149,4.060344219207764,3.5079522132873535,2.1036267280578613,1.2545547485351562,,,,,,
,,,,97,,,19199,3.892948627471924,3.4272773265838623,1.996828317642212,1.1808960437774658,,,,,,
,,,,98,,,19249,4.369853496551514,3.3552403450012207,2.2979066371917725,1.543280005455017,,,,,,
,,,,98,,,19299,4.269069671630859,3.5709340572357178,2.3350517749786377,1.316076636314392,,,,,,
,,,,98,,,19349,3.888309955596924,3.4366092681884766,2.1762216091156006,1.0818945169448853,,,,,,
,,,,98,,,19399,4.2904558181762695,3.708543062210083,2.252746343612671,1.309810996055603,,,,,,
,,,,99,,,19449,4.19465446472168,3.393939971923828,2.257871150970459,1.3687487840652466,,,,,,
,,,,99,,,19499,4.66567325592041,3.402622699737549,2.031787633895874,1.9484680891036987,,,,,,
,,,,99,,,19549,4.165519714355469,3.365352153778076,2.113490104675293,1.4260985851287842,,,,,,
,,,,99,,,19599,4.34759521484375,3.289965867996216,2.1500585079193115,1.6275829076766968,,,,,,
0.33731165528297424,0.9780654311180115,0.32849177718162537,0.9521350264549255,99,0.20570515096187592,0.7364673018455505,19599,,,,,4.4095306396484375,3.4263269901275635,2.0936899185180664,0.2214803844690323,0.9568484425544739,1.6495219469070435
